sample_id,video_file,camera_node,frame_timestamp_sec,detected_text,raw_easyocr_confidence,bbox_location
SAMPLE-001,cam1.mp4,CAM-01: MGIT Main Gate,0.0,NO_TEXT_FOUND,0.0,"(95, 340, 287, 425)"
SAMPLE-002,cam1.mp4,CAM-01: MGIT Main Gate,1.49,NO_TEXT_FOUND,0.0,"(15, 0, 341, 99)"
SAMPLE-003,cam1.mp4,CAM-01: MGIT Main Gate,2.97,NO_TEXT_FOUND,0.0,"(95, 340, 287, 425)"
SAMPLE-004,cam2.mp4,CAM-02: Gandipet Circle,0.0,NO_TEXT_FOUND,0.0,"(95, 340, 287, 425)"
SAMPLE-005,cam2.mp4,CAM-02: Gandipet Circle,1.49,NO_TEXT_FOUND,0.0,"(95, 340, 287, 425)"
SAMPLE-006,cam2.mp4,CAM-02: Gandipet Circle,2.97,9012,0.993827,"(95, 340, 287, 425)"
SAMPLE-007,cam2.mp4,CAM-02: Gandipet Circle,4.46,NO_TEXT_FOUND,0.0,"(31, 442, 157, 61)"
SAMPLE-008,cam2.mp4,CAM-02: Gandipet Circle,5.94,NO_TEXT_FOUND,0.0,"(95, 340, 287, 425)"
SAMPLE-009,cam3.mp4,CAM-03: Kokapet SEZ Junction,0.0,NO_TEXT_FOUND,0.0,"(0, 591, 291, 114)"
SAMPLE-010,cam3.mp4,CAM-03: Kokapet SEZ Junction,0.0,NO_TEXT_FOUND,0.0,"(328, 770, 113, 56)"
SAMPLE-011,cam3.mp4,CAM-03: Kokapet SEZ Junction,1.49,NO_TEXT_FOUND,0.0,"(95, 340, 287, 425)"
SAMPLE-012,cam3.mp4,CAM-03: Kokapet SEZ Junction,2.97,NO_TEXT_FOUND,0.0,"(95, 340, 287, 425)"
SAMPLE-013,cam3.mp4,CAM-03: Kokapet SEZ Junction,4.46,NO_TEXT_FOUND,0.0,"(95, 340, 287, 425)"
SAMPLE-014,cam3.mp4,CAM-03: Kokapet SEZ Junction,5.94,NO_TEXT_FOUND,0.0,"(95, 340, 287, 425)"
SAMPLE-015,cam4.mp4,CAM-04: Narsingi Rotary,0.0,NO_TEXT_FOUND,0.0,"(568, 119, 98, 42)"
SAMPLE-016,cam4.mp4,CAM-04: Narsingi Rotary,1.49,NO_TEXT_FOUND,0.0,"(169, 191, 509, 239)"
SAMPLE-017,cam4.mp4,CAM-04: Narsingi Rotary,2.97,NO_TEXT_FOUND,0.0,"(218, 347, 89, 29)"
SAMPLE-018,cam4.mp4,CAM-04: Narsingi Rotary,4.46,NO_TEXT_FOUND,0.0,"(96, 44, 164, 59)"
