sample_id,ground_truth_plate,detected_plate,condition_tag,match_status,ocr_confidence
SAMP-001,TS07EA9012,TS07EA9012,Daylight / Normal,TRUE_POSITIVE,0.92
SAMP-002,TS08AB5678,TS08AB5678,Daylight / Angled 30 deg,TRUE_POSITIVE,0.92
SAMP-003,TS09FL9999,TS09FL9999,Motion Blur / 60kmh,TRUE_POSITIVE,0.92
SAMP-004,AP28BK8888,AP28BK8888,Low Light / Dusk,TRUE_POSITIVE,0.92
SAMP-005,TS10XY3456,TS10XY3456,Rain / Glare,TRUE_POSITIVE,0.92
SAMP-006,TS12CD4567,TS12CD4567,Dusty / HSRP Plate,TRUE_POSITIVE,0.92
SAMP-007,TS14GH7890,TS14GH7890,Night / IR CCTV,TRUE_POSITIVE,0.92
SAMP-008,AP09KL3344,AP09KL3344,High Speed / Blur,TRUE_POSITIVE,0.92
SAMP-009,TS05EF1122,TS05EF1122,Daylight / Normal,TRUE_POSITIVE,0.92
SAMP-010,KA01AB1234,KA01AB1234,Daylight / Angled 30 deg,TRUE_POSITIVE,0.92
SAMP-011,MH12DE5678,MH12DE5678,Motion Blur / 60kmh,TRUE_POSITIVE,0.92
SAMP-012,DL01CS9012,DL01CS9012,Low Light / Dusk,TRUE_POSITIVE,0.92
SAMP-013,TN07BP3456,TN07BP3456,Rain / Glare,TRUE_POSITIVE,0.92
SAMP-014,KL07CC1234,KL07CC123X,Dusty / HSRP Plate,FALSE_POSITIVE,0.74
SAMP-015,HR26DQ7890,HR26DQ7890,Night / IR CCTV,TRUE_POSITIVE,0.92
SAMP-016,TS07EA9012,TS07EA9012,High Speed / Blur,TRUE_POSITIVE,0.92
SAMP-017,TS08AB5678,TS08AB5678,Daylight / Normal,TRUE_POSITIVE,0.92
SAMP-018,TS09FL9999,TS09FL9999,Daylight / Angled 30 deg,TRUE_POSITIVE,0.92
SAMP-019,AP28BK8888,AP28BK8888,Motion Blur / 60kmh,TRUE_POSITIVE,0.92
SAMP-020,TS10XY3456,TS10XY3456,Low Light / Dusk,TRUE_POSITIVE,0.92
SAMP-021,TS12CD4567,TS12CD4567,Rain / Glare,TRUE_POSITIVE,0.92
SAMP-022,TS14GH7890,TS14GH7890,Dusty / HSRP Plate,TRUE_POSITIVE,0.92
SAMP-023,AP09KL3344,AP09KL3344,Night / IR CCTV,TRUE_POSITIVE,0.92
SAMP-024,TS05EF1122,TS05EF1122,High Speed / Blur,TRUE_POSITIVE,0.92
SAMP-025,KA01AB1234,KA01AB1234,Daylight / Normal,TRUE_POSITIVE,0.92
SAMP-026,MH12DE5678,MH12DE5678,Daylight / Angled 30 deg,TRUE_POSITIVE,0.92
SAMP-027,DL01CS9012,DL01CS9012,Motion Blur / 60kmh,TRUE_POSITIVE,0.92
SAMP-028,TN07BP3456,TN07BP3456,Low Light / Dusk,TRUE_POSITIVE,0.92
SAMP-029,KL07CC1234,KL07CC1234,Rain / Glare,TRUE_POSITIVE,0.92
SAMP-030,HR26DQ7890,HR26DQ7890,Dusty / HSRP Plate,TRUE_POSITIVE,0.92
SAMP-031,TS07EA9012,TS07EA9012,Night / IR CCTV,TRUE_POSITIVE,0.92
SAMP-032,TS08AB5678,TS08AB5678,High Speed / Blur,TRUE_POSITIVE,0.92
SAMP-033,TS09FL9999,TS09FL9999,Daylight / Normal,FALSE_POSITIVE,0.78
SAMP-034,AP28BK8888,AP28BK8888,Daylight / Angled 30 deg,TRUE_POSITIVE,0.92
SAMP-035,TS10XY3456,TS10XY3456,Motion Blur / 60kmh,TRUE_POSITIVE,0.92
SAMP-036,TS12CD4567,TS12CD4567,Low Light / Dusk,TRUE_POSITIVE,0.92
SAMP-037,TS14GH7890,TS14GH7890,Rain / Glare,TRUE_POSITIVE,0.92
SAMP-038,AP09KL3344,AP09KL3344,Dusty / HSRP Plate,TRUE_POSITIVE,0.92
SAMP-039,TS05EF1122,TS05EF1122,Night / IR CCTV,TRUE_POSITIVE,0.92
SAMP-040,KA01AB1234,KA01AB1234,High Speed / Blur,TRUE_POSITIVE,0.92
SAMP-041,MH12DE5678,MH12DE5678,Daylight / Normal,TRUE_POSITIVE,0.92
SAMP-042,DL01CS9012,DL01CS9012,Daylight / Angled 30 deg,TRUE_POSITIVE,0.92
SAMP-043,TN07BP3456,TN07BP3456,Motion Blur / 60kmh,TRUE_POSITIVE,0.92
SAMP-044,KL07CC1234,KL07CC1234,Low Light / Dusk,TRUE_POSITIVE,0.92
SAMP-045,HR26DQ7890,HR26DQ7890,Rain / Glare,TRUE_POSITIVE,0.92
SAMP-046,TS07EA9012,TS07EA9012,Dusty / HSRP Plate,TRUE_POSITIVE,0.92
SAMP-047,TS08AB5678,TS08AB5678,Night / IR CCTV,TRUE_POSITIVE,0.92
SAMP-048,TS09FL9999,NOT_DETECTED,High Speed / Blur,FALSE_NEGATIVE,0.0
SAMP-049,AP28BK8888,AP28BK8888,Daylight / Normal,TRUE_POSITIVE,0.92
SAMP-050,TS10XY3456,TS10XY3456,Daylight / Angled 30 deg,TRUE_POSITIVE,0.92
